,Sentinel-2,,,Landsat-8,,,,,,,
0,0.437,,0,0.393,,0,1564,100%,>0,150,100%
1,0.352,,1,0.464,,0.1,1552,99%,>0.1,147,98%
2,0.605,,2,0.501,,0.2,1411,90%,>0.2,134,89%
3,0.322,,3,0.553,,0.3,1182,76%,>0.3,111,74%
4,0.476,,4,0.525,,0.4,897,57%,>0.4,83,55%
5,0.548,,5,0.533,,0.5,639,41%,>0.5,53,35%
6,0.455,,6,0.396,,0.6,322,21%,>0.6,34,23%
7,0.484,,7,0.443,,0.7,64,4%,>0.7,26,17%
8,0.541,,8,2.775,,0.8,15,1%,>0.8,21,14%
9,0.462,,9,0.286,,0.9,6,0%,>0.9,14,9%
10,0.475,,10,0.529,,1,4,0%,>0.10,4,3%
11,0.557,,11,0.458,,all,1564,,all,150,
12,0.395,,12,0.508,,,,,,,
13,0.334,,13,0.424,,,,,,,
14,0.377,,14,0.352,,,,,,,
15,0.628,,15,0.465,,,,,,,
16,0.363,,16,0.485,,,,,,,
17,0.11,,17,0.505,,,,,,,
18,0.159,,18,0.451,,,,,,,
19,0.469,,19,0.399,,,,,,,
20,0.161,,20,0.538,,,,,,,
21,0.1,,21,0.469,,,,,,,
22,0.084,,22,0.143,,,,,,,
23,0.212,,23,0.434,,,,,,,
24,0.427,,24,0.262,,,,,,,
25,0.274,,25,0.284,,,,,,,
26,0.389,,26,0.373,,,,,,,
27,0.458,,27,0.238,,,,,,,
28,0.369,,28,0.304,,,,,,,
29,0.434,,29,0.386,,,,,,,
30,0.405,,30,1.276,,,,,,,
31,0.502,,31,0.267,,,,,,,
32,0.624,,32,0.3,,,,,,,
33,0.337,,33,0.252,,,,,,,
34,0.251,,34,0.192,,,,,,,
35,0.315,,35,0.258,,,,,,,
36,0.515,,36,0.272,,,,,,,
37,0.282,,37,0.338,,,,,,,
38,0.383,,38,0.317,,,,,,,
39,0.511,,39,0.276,,,,,,,
40,0.433,,40,0.291,,,,,,,
41,0.484,,41,0.293,,,,,,,
42,0.293,,42,0.219,,,,,,,
43,0.282,,43,0.264,,,,,,,
44,0.425,,44,0.322,,,,,,,
45,0.317,,45,0.274,,,,,,,
46,0.648,,46,0.224,,,,,,,
47,0.459,,47,0.411,,,,,,,
48,0.549,,48,0.339,,,,,,,
49,0.708,,49,0.2,,,,,,,
50,0.365,,50,0.71,,,,,,,
51,0.374,,51,0.871,,,,,,,
52,0.621,,52,0.925,,,,,,,
53,0.534,,53,0.863,,,,,,,
54,0.488,,54,0.629,,,,,,,
55,0.579,,55,0.86,,,,,,,
56,0.418,,56,0.851,,,,,,,
57,0.482,,57,0.881,,,,,,,
58,0.427,,58,0.906,,,,,,,
59,0.467,,59,0.924,,,,,,,
60,0.488,,60,0.869,,,,,,,
61,0.694,,61,0.972,,,,,,,
62,0.483,,62,1.041,,,,,,,
63,0.557,,63,0.918,,,,,,,
64,0.633,,64,0.676,,,,,,,
65,0.486,,65,0.732,,,,,,,
66,0.586,,66,0.992,,,,,,,
67,0.607,,67,0.978,,,,,,,
68,0.592,,68,0.762,,,,,,,
69,0.571,,69,0.717,,,,,,,
70,0.81,,70,0.97,,,,,,,
71,0.797,,71,0.928,,,,,,,
72,0.636,,72,0.906,,,,,,,
73,0.668,,73,0.599,,,,,,,
74,0.253,,74,0.605,,,,,,,
75,0.237,,75,0.537,,,,,,,
76,0.528,,76,0.639,,,,,,,
77,0.329,,77,0.571,,,,,,,
78,0.61,,78,0.609,,,,,,,
79,0.542,,79,0.602,,,,,,,
80,0.492,,80,0.608,,,,,,,
81,0.536,,81,0.588,,,,,,,
82,0.477,,82,0.699,,,,,,,
83,0.625,,83,0.596,,,,,,,
84,0.649,,84,0.598,,,,,,,
85,0.566,,85,0.772,,,,,,,
86,0.676,,86,0.576,,,,,,,
87,0.699,,87,0.432,,,,,,,
88,0.312,,88,0.482,,,,,,,
89,0.284,,89,0.405,,,,,,,
90,0.248,,90,0.326,,,,,,,
91,0.347,,91,0.378,,,,,,,
92,0.563,,92,0.325,,,,,,,
93,0.365,,93,0.374,,,,,,,
94,0.496,,94,0.409,,,,,,,
95,0.588,,95,0.452,,,,,,,
96,0.549,,96,0.385,,,,,,,
97,0.613,,97,0.366,,,,,,,
98,0.51,,98,0.429,,,,,,,
99,0.338,,99,0.51,,,,,,,
100,0.312,,100,0.357,,,,,,,
101,0.39,,101,0.375,,,,,,,
102,0.67,,102,0.3,,,,,,,
103,0.533,,103,0.379,,,,,,,
104,0.694,,104,0.402,,,,,,,
105,0.774,,105,0.47,,,,,,,
106,0.235,,106,0.435,,,,,,,
107,0.156,,107,0.34,,,,,,,
108,0.269,,108,0.381,,,,,,,
109,0.543,,109,0.417,,,,,,,
110,0.351,,110,0.496,,,,,,,
111,0.496,,111,0.282,,,,,,,
112,0.614,,112,0.286,,,,,,,
113,0.628,,113,0.473,,,,,,,
114,0.347,,114,0.306,,,,,,,
115,0.652,,115,0.4,,,,,,,
116,0.521,,116,0.596,,,,,,,
117,0.661,,117,0.371,,,,,,,
118,0.176,,118,0.543,,,,,,,
119,0.288,,119,0.585,,,,,,,
120,0.624,,120,0.406,,,,,,,
121,0.349,,121,0.436,,,,,,,
122,0.448,,122,0.475,,,,,,,
123,0.679,,123,0.428,,,,,,,
124,0.576,,124,0.329,,,,,,,
125,0.595,,125,0.421,,,,,,,
126,0.68,,126,0.412,,,,,,,
127,0.606,,127,0.119,,,,,,,
128,0.626,,128,-0.278,,,,,,,
129,0.748,,129,0.211,,,,,,,
130,0.194,,130,0.084,,,,,,,
131,0.18,,131,0.067,,,,,,,
132,0.567,,132,0.132,,,,,,,
133,0.474,,133,0.136,,,,,,,
134,0.611,,134,1.301,,,,,,,
135,0.553,,135,0.121,,,,,,,
136,0.754,,136,0.443,,,,,,,
137,0.582,,137,0.398,,,,,,,
138,0.704,,138,0.101,,,,,,,
139,0.59,,139,0.167,,,,,,,
140,0.582,,140,-0.016,,,,,,,
141,0.656,,141,0.242,,,,,,,
142,0.409,,142,0.151,,,,,,,
143,0.359,,143,0.27,,,,,,,
144,0.624,,144,0.136,,,,,,,
145,0.445,,145,0.191,,,,,,,
146,0.663,,146,0.165,,,,,,,
147,0.219,,147,0.066,,,,,,,
148,0.222,,148,0.819,,,,,,,
149,0.705,,149,0.318,,,,,,,
150,0.842,,150,0.411,,,,,,,
151,0.418,,151,-0.044,,,,,,,
152,0.263,,152,-0.018,,,,,,,
153,0.623,,153,0.27,,,,,,,
154,0.434,,,,,,,,,,
155,0.424,,,,,,,,,,
156,0.639,,,,,,,,,,
157,0.518,,,,,,,,,,
158,0.625,,,,,,,,,,
159,0.535,,,,,,,,,,
160,0.389,,,,,,,,,,
161,0.673,,,,,,,,,,
162,0.341,,,,,,,,,,
163,0.327,,,,,,,,,,
164,0.556,,,,,,,,,,
165,0.332,,,,,,,,,,
166,0.468,,,,,,,,,,
167,0.613,,,,,,,,,,
168,0.278,,,,,,,,,,
169,0.626,,,,,,,,,,
170,0.445,,,,,,,,,,
171,0.652,,,,,,,,,,
172,0.509,,,,,,,,,,
173,0.629,,,,,,,,,,
174,0.389,,,,,,,,,,
175,0.396,,,,,,,,,,
176,0.388,,,,,,,,,,
177,0.662,,,,,,,,,,
178,0.422,,,,,,,,,,
179,0.418,,,,,,,,,,
180,0.543,,,,,,,,,,
181,0.453,,,,,,,,,,
182,0.469,,,,,,,,,,
183,0.608,,,,,,,,,,
184,0.222,,,,,,,,,,
185,0.23,,,,,,,,,,
186,0.317,,,,,,,,,,
187,0.628,,,,,,,,,,
188,0.597,,,,,,,,,,
189,0.366,,,,,,,,,,
190,0.46,,,,,,,,,,
191,0.651,,,,,,,,,,
192,0.593,,,,,,,,,,
193,0.463,,,,,,,,,,
194,0.511,,,,,,,,,,
195,0.628,,,,,,,,,,
196,0.344,,,,,,,,,,
197,0.326,,,,,,,,,,
198,0.369,,,,,,,,,,
199,0.658,,,,,,,,,,
200,0.267,,,,,,,,,,
201,0.271,,,,,,,,,,
202,0.489,,,,,,,,,,
203,0.186,,,,,,,,,,
204,0.171,,,,,,,,,,
205,0.306,,,,,,,,,,
206,0.538,,,,,,,,,,
207,0.335,,,,,,,,,,
208,0.462,,,,,,,,,,
209,0.713,,,,,,,,,,
210,0.421,,,,,,,,,,
211,0.487,,,,,,,,,,
212,0.667,,,,,,,,,,
213,0.296,,,,,,,,,,
214,0.253,,,,,,,,,,
215,0.347,,,,,,,,,,
216,0.679,,,,,,,,,,
217,0.182,,,,,,,,,,
218,0.164,,,,,,,,,,
219,0.311,,,,,,,,,,
220,0.336,,,,,,,,,,
221,0.346,,,,,,,,,,
222,0.434,,,,,,,,,,
223,0.282,,,,,,,,,,
224,0.282,,,,,,,,,,
225,0.285,,,,,,,,,,
226,0.392,,,,,,,,,,
227,0.629,,,,,,,,,,
228,0.301,,,,,,,,,,
229,0.334,,,,,,,,,,
230,0.313,,,,,,,,,,
231,0.433,,,,,,,,,,
232,0.572,,,,,,,,,,
233,0.706,,,,,,,,,,
234,0.66,,,,,,,,,,
235,0.341,,,,,,,,,,
236,0.618,,,,,,,,,,
237,0.659,,,,,,,,,,
238,0.679,,,,,,,,,,
239,0.308,,,,,,,,,,
240,0.298,,,,,,,,,,
241,0.549,,,,,,,,,,
242,0.388,,,,,,,,,,
243,0.433,,,,,,,,,,
244,0.574,,,,,,,,,,
245,0.4,,,,,,,,,,
246,0.453,,,,,,,,,,
247,0.573,,,,,,,,,,
248,0.309,,,,,,,,,,
249,0.33,,,,,,,,,,
250,0.613,,,,,,,,,,
251,0.337,,,,,,,,,,
252,0.397,,,,,,,,,,
253,0.536,,,,,,,,,,
254,0.332,,,,,,,,,,
255,0.416,,,,,,,,,,
256,0.61,,,,,,,,,,
257,0.274,,,,,,,,,,
258,0.598,,,,,,,,,,
259,0.44,,,,,,,,,,
260,0.609,,,,,,,,,,
261,0.489,,,,,,,,,,
262,0.595,,,,,,,,,,
263,0.39,,,,,,,,,,
264,0.633,,,,,,,,,,
265,0.3,,,,,,,,,,
266,0.324,,,,,,,,,,
267,0.398,,,,,,,,,,
268,0.433,,,,,,,,,,
269,0.591,,,,,,,,,,
270,0.478,,,,,,,,,,
271,0.576,,,,,,,,,,
272,0.7,,,,,,,,,,
273,0.415,,,,,,,,,,
274,0.331,,,,,,,,,,
275,0.627,,,,,,,,,,
276,0.159,,,,,,,,,,
277,0.199,,,,,,,,,,
278,0.405,,,,,,,,,,
279,0.578,,,,,,,,,,
280,0.665,,,,,,,,,,
281,0.196,,,,,,,,,,
282,0.25,,,,,,,,,,
283,0.555,,,,,,,,,,
284,0.231,,,,,,,,,,
285,0.33,,,,,,,,,,
286,0.609,,,,,,,,,,
287,0.138,,,,,,,,,,
288,0.147,,,,,,,,,,
289,0.475,,,,,,,,,,
290,0.291,,,,,,,,,,
291,0.42,,,,,,,,,,
292,0.533,,,,,,,,,,
293,0.346,,,,,,,,,,
294,0.431,,,,,,,,,,
295,0.565,,,,,,,,,,
296,0.191,,,,,,,,,,
297,0.155,,,,,,,,,,
298,0.278,,,,,,,,,,
299,0.603,,,,,,,,,,
300,0.243,,,,,,,,,,
301,0.448,,,,,,,,,,
302,0.369,,,,,,,,,,
303,0.568,,,,,,,,,,
304,0.386,,,,,,,,,,
305,0.431,,,,,,,,,,
306,0.595,,,,,,,,,,
307,0.234,,,,,,,,,,
308,0.235,,,,,,,,,,
309,0.268,,,,,,,,,,
310,0.613,,,,,,,,,,
311,0.503,,,,,,,,,,
312,0.358,,,,,,,,,,
313,0.431,,,,,,,,,,
314,0.601,,,,,,,,,,
315,0.565,,,,,,,,,,
316,0.588,,,,,,,,,,
317,0.652,,,,,,,,,,
318,0.225,,,,,,,,,,
319,0.247,,,,,,,,,,
320,0.574,,,,,,,,,,
321,0.226,,,,,,,,,,
322,0.367,,,,,,,,,,
323,0.613,,,,,,,,,,
324,0.259,,,,,,,,,,
325,0.227,,,,,,,,,,
326,0.26,,,,,,,,,,
327,0.528,,,,,,,,,,
328,0.331,,,,,,,,,,
329,0.698,,,,,,,,,,
330,0.739,,,,,,,,,,
331,0.265,,,,,,,,,,
332,0.209,,,,,,,,,,
333,0.51,,,,,,,,,,
334,0.353,,,,,,,,,,
335,0.454,,,,,,,,,,
336,0.448,,,,,,,,,,
337,0.512,,,,,,,,,,
338,0.286,,,,,,,,,,
339,0.27,,,,,,,,,,
340,0.401,,,,,,,,,,
341,0.615,,,,,,,,,,
342,0.285,,,,,,,,,,
343,0.308,,,,,,,,,,
344,0.313,,,,,,,,,,
345,0.093,,,,,,,,,,
346,0.23,,,,,,,,,,
347,0.276,,,,,,,,,,
348,0.371,,,,,,,,,,
349,0.064,,,,,,,,,,
350,0.068,,,,,,,,,,
351,0.387,,,,,,,,,,
352,0.602,,,,,,,,,,
353,0.599,,,,,,,,,,
354,0.755,,,,,,,,,,
355,0.178,,,,,,,,,,
356,0.151,,,,,,,,,,
357,0.128,,,,,,,,,,
358,0.294,,,,,,,,,,
359,0.459,,,,,,,,,,
360,0.184,,,,,,,,,,
361,0.204,,,,,,,,,,
362,0.168,,,,,,,,,,
363,0.109,,,,,,,,,,
364,0.298,,,,,,,,,,
365,0.631,,,,,,,,,,
366,0.646,,,,,,,,,,
367,0.249,,,,,,,,,,
368,0.271,,,,,,,,,,
369,0.368,,,,,,,,,,
370,0.381,,,,,,,,,,
371,0.326,,,,,,,,,,
372,0.323,,,,,,,,,,
373,0.252,,,,,,,,,,
374,0.513,,,,,,,,,,
375,0.343,,,,,,,,,,
376,0.644,,,,,,,,,,
377,0.995,,,,,,,,,,
378,0.314,,,,,,,,,,
379,0.219,,,,,,,,,,
380,0.54,,,,,,,,,,
381,0.324,,,,,,,,,,
382,0.424,,,,,,,,,,
383,0.583,,,,,,,,,,
384,0.211,,,,,,,,,,
385,0.304,,,,,,,,,,
386,0.507,,,,,,,,,,
387,0.365,,,,,,,,,,
388,0.412,,,,,,,,,,
389,0.822,,,,,,,,,,
390,0.224,,,,,,,,,,
391,0.517,,,,,,,,,,
392,0.651,,,,,,,,,,
393,0.237,,,,,,,,,,
394,0.311,,,,,,,,,,
395,0.303,,,,,,,,,,
396,0.346,,,,,,,,,,
397,0.681,,,,,,,,,,
398,0.303,,,,,,,,,,
399,0.395,,,,,,,,,,
400,0.63,,,,,,,,,,
401,0.412,,,,,,,,,,
402,0.471,,,,,,,,,,
403,0.623,,,,,,,,,,
404,0.42,,,,,,,,,,
405,0.469,,,,,,,,,,
406,0.568,,,,,,,,,,
407,0.312,,,,,,,,,,
408,0.26,,,,,,,,,,
409,0.336,,,,,,,,,,
410,0.608,,,,,,,,,,
411,0.31,,,,,,,,,,
412,0.582,,,,,,,,,,
413,0.284,,,,,,,,,,
414,0.292,,,,,,,,,,
415,0.444,,,,,,,,,,
416,0.491,,,,,,,,,,
417,0.353,,,,,,,,,,
418,0.505,,,,,,,,,,
419,0.564,,,,,,,,,,
420,0.427,,,,,,,,,,
421,0.478,,,,,,,,,,
422,0.359,,,,,,,,,,
423,0.645,,,,,,,,,,
424,0.581,,,,,,,,,,
425,0.575,,,,,,,,,,
426,0.555,,,,,,,,,,
427,0.43,,,,,,,,,,
428,0.432,,,,,,,,,,
429,0.492,,,,,,,,,,
430,0.437,,,,,,,,,,
431,0.413,,,,,,,,,,
432,0.362,,,,,,,,,,
433,0.54,,,,,,,,,,
434,0.593,,,,,,,,,,
435,0.55,,,,,,,,,,
436,0.639,,,,,,,,,,
437,0.893,,,,,,,,,,
438,0.641,,,,,,,,,,
439,0.643,,,,,,,,,,
440,0.331,,,,,,,,,,
441,0.487,,,,,,,,,,
442,0.685,,,,,,,,,,
443,0.581,,,,,,,,,,
444,0.695,,,,,,,,,,
445,0.673,,,,,,,,,,
446,0.633,,,,,,,,,,
447,0.566,,,,,,,,,,
448,0.626,,,,,,,,,,
449,0.568,,,,,,,,,,
450,0.628,,,,,,,,,,
451,0.702,,,,,,,,,,
452,0.746,,,,,,,,,,
453,0.656,,,,,,,,,,
454,0.675,,,,,,,,,,
455,0.261,,,,,,,,,,
456,0.409,,,,,,,,,,
457,0.65,,,,,,,,,,
458,0.42,,,,,,,,,,
459,0.492,,,,,,,,,,
460,0.705,,,,,,,,,,
461,0.695,,,,,,,,,,
462,0.638,,,,,,,,,,
463,0.616,,,,,,,,,,
464,0.191,,,,,,,,,,
465,0.178,,,,,,,,,,
466,0.576,,,,,,,,,,
467,0.353,,,,,,,,,,
468,0.773,,,,,,,,,,
469,0.223,,,,,,,,,,
470,0.253,,,,,,,,,,
471,0.977,,,,,,,,,,
472,0.534,,,,,,,,,,
473,0.331,,,,,,,,,,
474,0.551,,,,,,,,,,
475,0.586,,,,,,,,,,
476,0.557,,,,,,,,,,
477,0.459,,,,,,,,,,
478,0.622,,,,,,,,,,
479,0.639,,,,,,,,,,
480,0.594,,,,,,,,,,
481,0.608,,,,,,,,,,
482,0.624,,,,,,,,,,
483,0.168,,,,,,,,,,
484,0.153,,,,,,,,,,
485,0.566,,,,,,,,,,
486,0.337,,,,,,,,,,
487,0.595,,,,,,,,,,
488,0.605,,,,,,,,,,
489,0.624,,,,,,,,,,
490,0.537,,,,,,,,,,
491,0.6,,,,,,,,,,
492,0.176,,,,,,,,,,
493,0.546,,,,,,,,,,
494,0.368,,,,,,,,,,
495,0.631,,,,,,,,,,
496,0.636,,,,,,,,,,
497,0.484,,,,,,,,,,
498,0.178,,,,,,,,,,
499,0.132,,,,,,,,,,
500,0.218,,,,,,,,,,
501,0.572,,,,,,,,,,
502,0.297,,,,,,,,,,
503,0.47,,,,,,,,,,
504,0.623,,,,,,,,,,
505,0.579,,,,,,,,,,
506,0.611,,,,,,,,,,
507,0.568,,,,,,,,,,
508,0.209,,,,,,,,,,
509,0.175,,,,,,,,,,
510,0.562,,,,,,,,,,
511,0.384,,,,,,,,,,
512,0.504,,,,,,,,,,
513,0.662,,,,,,,,,,
514,0.187,,,,,,,,,,
515,0.137,,,,,,,,,,
516,0.19,,,,,,,,,,
517,0.59,,,,,,,,,,
518,0.3,,,,,,,,,,
519,0.592,,,,,,,,,,
520,0.629,,,,,,,,,,
521,0.16,,,,,,,,,,
522,0.513,,,,,,,,,,
523,0.312,,,,,,,,,,
524,0.149,,,,,,,,,,
525,0.338,,,,,,,,,,
526,0.491,,,,,,,,,,
527,0.578,,,,,,,,,,
528,0.611,,,,,,,,,,
529,0.6,,,,,,,,,,
530,0.592,,,,,,,,,,
531,0.692,,,,,,,,,,
532,0.703,,,,,,,,,,
533,0.327,,,,,,,,,,
534,0.274,,,,,,,,,,
535,0.366,,,,,,,,,,
536,0.708,,,,,,,,,,
537,0.63,,,,,,,,,,
538,0.443,,,,,,,,,,
539,0.588,,,,,,,,,,
540,0.634,,,,,,,,,,
541,0.503,,,,,,,,,,
542,0.656,,,,,,,,,,
543,0.371,,,,,,,,,,
544,0.574,,,,,,,,,,
545,0.819,,,,,,,,,,
546,0.73,,,,,,,,,,
547,0.746,,,,,,,,,,
548,0.599,,,,,,,,,,
549,0.359,,,,,,,,,,
550,0.456,,,,,,,,,,
551,0.442,,,,,,,,,,
552,0.541,,,,,,,,,,
553,0.462,,,,,,,,,,
554,0.151,,,,,,,,,,
555,0.273,,,,,,,,,,
556,0.365,,,,,,,,,,
557,0.158,,,,,,,,,,
558,0.223,,,,,,,,,,
559,0.333,,,,,,,,,,
560,0.704,,,,,,,,,,
561,0.595,,,,,,,,,,
562,0.405,,,,,,,,,,
563,0.57,,,,,,,,,,
564,0.476,,,,,,,,,,
565,0.609,,,,,,,,,,
566,0.508,,,,,,,,,,
567,0.603,,,,,,,,,,
568,0.451,,,,,,,,,,
569,0.488,,,,,,,,,,
570,0.396,,,,,,,,,,
571,0.54,,,,,,,,,,
572,0.449,,,,,,,,,,
573,0.584,,,,,,,,,,
574,0.365,,,,,,,,,,
575,0.596,,,,,,,,,,
576,0.567,,,,,,,,,,
577,0.604,,,,,,,,,,
578,0.348,,,,,,,,,,
579,0.579,,,,,,,,,,
580,0.439,,,,,,,,,,
581,0.458,,,,,,,,,,
582,0.311,,,,,,,,,,
583,0.332,,,,,,,,,,
584,0.609,,,,,,,,,,
585,0.393,,,,,,,,,,
586,0.586,,,,,,,,,,
587,0.407,,,,,,,,,,
588,0.669,,,,,,,,,,
589,0.247,,,,,,,,,,
590,0.291,,,,,,,,,,
591,0.554,,,,,,,,,,
592,0.461,,,,,,,,,,
593,0.586,,,,,,,,,,
594,0.581,,,,,,,,,,
595,0.613,,,,,,,,,,
596,0.419,,,,,,,,,,
597,0.528,,,,,,,,,,
598,0.529,,,,,,,,,,
599,0.577,,,,,,,,,,
600,0.512,,,,,,,,,,
601,0.442,,,,,,,,,,
602,0.566,,,,,,,,,,
603,0.232,,,,,,,,,,
604,0.189,,,,,,,,,,
605,0.238,,,,,,,,,,
606,0.591,,,,,,,,,,
607,0.477,,,,,,,,,,
608,0.331,,,,,,,,,,
609,0.417,,,,,,,,,,
610,0.615,,,,,,,,,,
611,0.491,,,,,,,,,,
612,0.384,,,,,,,,,,
613,0.45,,,,,,,,,,
614,0.585,,,,,,,,,,
615,0.283,,,,,,,,,,
616,0.325,,,,,,,,,,
617,0.629,,,,,,,,,,
618,0.155,,,,,,,,,,
619,0.267,,,,,,,,,,
620,0.307,,,,,,,,,,
621,0.199,,,,,,,,,,
622,0.162,,,,,,,,,,
623,0.151,,,,,,,,,,
624,0.285,,,,,,,,,,
625,0.224,,,,,,,,,,
626,0.229,,,,,,,,,,
627,0.26,,,,,,,,,,
628,0.374,,,,,,,,,,
629,0.572,,,,,,,,,,
630,0.659,,,,,,,,,,
631,0.623,,,,,,,,,,
632,0.629,,,,,,,,,,
633,0.365,,,,,,,,,,
634,0.631,,,,,,,,,,
635,0.368,,,,,,,,,,
636,0.342,,,,,,,,,,
637,0.314,,,,,,,,,,
638,0.584,,,,,,,,,,
639,0.393,,,,,,,,,,
640,0.454,,,,,,,,,,
641,0.6,,,,,,,,,,
642,0.444,,,,,,,,,,
643,0.486,,,,,,,,,,
644,0.564,,,,,,,,,,
645,0.314,,,,,,,,,,
646,0.39,,,,,,,,,,
647,0.578,,,,,,,,,,
648,0.609,,,,,,,,,,
649,0.401,,,,,,,,,,
650,0.318,,,,,,,,,,
651,0.588,,,,,,,,,,
652,0.411,,,,,,,,,,
653,0.449,,,,,,,,,,
654,0.595,,,,,,,,,,
655,0.525,,,,,,,,,,
656,0.577,,,,,,,,,,
657,0.536,,,,,,,,,,
658,0.646,,,,,,,,,,
659,0.411,,,,,,,,,,
660,0.355,,,,,,,,,,
661,0.537,,,,,,,,,,
662,0.412,,,,,,,,,,
663,0.419,,,,,,,,,,
664,0.573,,,,,,,,,,
665,0.468,,,,,,,,,,
666,0.154,,,,,,,,,,
667,0.168,,,,,,,,,,
668,0.314,,,,,,,,,,
669,0.803,,,,,,,,,,
670,0.585,,,,,,,,,,
671,0.347,,,,,,,,,,
672,0.636,,,,,,,,,,
673,0.3,,,,,,,,,,
674,0.245,,,,,,,,,,
675,0.3,,,,,,,,,,
676,0.614,,,,,,,,,,
677,0.474,,,,,,,,,,
678,0.375,,,,,,,,,,
679,0.448,,,,,,,,,,
680,0.603,,,,,,,,,,
681,0.499,,,,,,,,,,
682,0.412,,,,,,,,,,
683,0.48,,,,,,,,,,
684,0.564,,,,,,,,,,
685,0.288,,,,,,,,,,
686,0.389,,,,,,,,,,
687,0.617,,,,,,,,,,
688,0.387,,,,,,,,,,
689,0.343,,,,,,,,,,
690,0.351,,,,,,,,,,
691,0.633,,,,,,,,,,
692,0.472,,,,,,,,,,
693,0.403,,,,,,,,,,
694,0.47,,,,,,,,,,
695,0.597,,,,,,,,,,
696,0.449,,,,,,,,,,
697,0.415,,,,,,,,,,
698,0.484,,,,,,,,,,
699,0.555,,,,,,,,,,
700,0.296,,,,,,,,,,
701,0.256,,,,,,,,,,
702,0.369,,,,,,,,,,
703,0.608,,,,,,,,,,
704,0.311,,,,,,,,,,
705,0.622,,,,,,,,,,
706,0.333,,,,,,,,,,
707,0.49,,,,,,,,,,
708,0.653,,,,,,,,,,
709,0.63,,,,,,,,,,
710,0.783,,,,,,,,,,
711,0.767,,,,,,,,,,
712,0.445,,,,,,,,,,
713,0.17,,,,,,,,,,
714,0.264,,,,,,,,,,
715,0.534,,,,,,,,,,
716,0.471,,,,,,,,,,
717,0.456,,,,,,,,,,
718,0.135,,,,,,,,,,
719,0.296,,,,,,,,,,
720,0.15,,,,,,,,,,
721,0.548,,,,,,,,,,
722,0.151,,,,,,,,,,
723,0.343,,,,,,,,,,
724,0.586,,,,,,,,,,
725,0.138,,,,,,,,,,
726,0.085,,,,,,,,,,
727,0.466,,,,,,,,,,
728,0.241,,,,,,,,,,
729,0.433,,,,,,,,,,
730,0.622,,,,,,,,,,
731,0.434,,,,,,,,,,
732,0.535,,,,,,,,,,
733,0.192,,,,,,,,,,
734,0.269,,,,,,,,,,
735,0.594,,,,,,,,,,
736,0.131,,,,,,,,,,
737,0.198,,,,,,,,,,
738,0.306,,,,,,,,,,
739,0.375,,,,,,,,,,
740,0.391,,,,,,,,,,
741,0.411,,,,,,,,,,
742,0.507,,,,,,,,,,
743,0.23,,,,,,,,,,
744,0.194,,,,,,,,,,
745,0.287,,,,,,,,,,
746,0.549,,,,,,,,,,
747,0.182,,,,,,,,,,
748,0.331,,,,,,,,,,
749,0.199,,,,,,,,,,
750,0.423,,,,,,,,,,
751,0.552,,,,,,,,,,
752,0.225,,,,,,,,,,
753,0.345,,,,,,,,,,
754,0.551,,,,,,,,,,
755,0.384,,,,,,,,,,
756,0.423,,,,,,,,,,
757,0.242,,,,,,,,,,
758,0.211,,,,,,,,,,
759,0.381,,,,,,,,,,
760,0.221,,,,,,,,,,
761,0.35,,,,,,,,,,
762,0.233,,,,,,,,,,
763,0.46,,,,,,,,,,
764,0.76,,,,,,,,,,
765,0.155,,,,,,,,,,
766,0.137,,,,,,,,,,
767,0.318,,,,,,,,,,
768,0.698,,,,,,,,,,
769,0.53,,,,,,,,,,
770,0.28,,,,,,,,,,
771,0.44,,,,,,,,,,
772,0.669,,,,,,,,,,
773,0.538,,,,,,,,,,
774,0.347,,,,,,,,,,
775,0.495,,,,,,,,,,
776,0.661,,,,,,,,,,
777,0.117,,,,,,,,,,
778,0.323,,,,,,,,,,
779,0.639,,,,,,,,,,
780,0.494,,,,,,,,,,
781,1.051,,,,,,,,,,
782,0.542,,,,,,,,,,
783,0.444,,,,,,,,,,
784,0.624,,,,,,,,,,
785,0.519,,,,,,,,,,
786,0.341,,,,,,,,,,
787,0.418,,,,,,,,,,
788,0.29,,,,,,,,,,
789,0.28,,,,,,,,,,
790,0.401,,,,,,,,,,
791,0.407,,,,,,,,,,
792,0.229,,,,,,,,,,
793,0.258,,,,,,,,,,
794,0.37,,,,,,,,,,
795,0.605,,,,,,,,,,
796,0.415,,,,,,,,,,
797,0.795,,,,,,,,,,
798,0.354,,,,,,,,,,
799,0.392,,,,,,,,,,
800,0.424,,,,,,,,,,
801,0.691,,,,,,,,,,
802,0.749,,,,,,,,,,
803,0.416,,,,,,,,,,
804,0.543,,,,,,,,,,
805,0.584,,,,,,,,,,
806,0.551,,,,,,,,,,
807,0.501,,,,,,,,,,
808,0.624,,,,,,,,,,
809,0.634,,,,,,,,,,
810,0.269,,,,,,,,,,
811,0.499,,,,,,,,,,
812,0.181,,,,,,,,,,
813,0.171,,,,,,,,,,
814,0.367,,,,,,,,,,
815,0.568,,,,,,,,,,
816,0.324,,,,,,,,,,
817,0.635,,,,,,,,,,
818,0.603,,,,,,,,,,
819,0.154,,,,,,,,,,
820,0.583,,,,,,,,,,
821,0.376,,,,,,,,,,
822,0.643,,,,,,,,,,
823,0.182,,,,,,,,,,
824,0.195,,,,,,,,,,
825,0.308,,,,,,,,,,
826,0.58,,,,,,,,,,
827,0.422,,,,,,,,,,
828,0.561,,,,,,,,,,
829,0.624,,,,,,,,,,
830,0.686,,,,,,,,,,
831,0.684,,,,,,,,,,
832,0.531,,,,,,,,,,
833,0.715,,,,,,,,,,
834,0.644,,,,,,,,,,
835,0.704,,,,,,,,,,
836,0.731,,,,,,,,,,
837,0.585,,,,,,,,,,
838,0.233,,,,,,,,,,
839,0.21,,,,,,,,,,
840,0.565,,,,,,,,,,
841,0.435,,,,,,,,,,
842,0.585,,,,,,,,,,
843,0.592,,,,,,,,,,
844,0.536,,,,,,,,,,
845,0.535,,,,,,,,,,
846,0.506,,,,,,,,,,
847,0.426,,,,,,,,,,
848,0.499,,,,,,,,,,
849,0.283,,,,,,,,,,
850,0.253,,,,,,,,,,
851,0.605,,,,,,,,,,
852,0.435,,,,,,,,,,
853,0.605,,,,,,,,,,
854,0.285,,,,,,,,,,
855,0.471,,,,,,,,,,
856,0.604,,,,,,,,,,
857,0.526,,,,,,,,,,
858,0.718,,,,,,,,,,
859,0.234,,,,,,,,,,
860,0.234,,,,,,,,,,
861,0.381,,,,,,,,,,
862,0.652,,,,,,,,,,
863,0.143,,,,,,,,,,
864,0.087,,,,,,,,,,
865,0.197,,,,,,,,,,
866,0.272,,,,,,,,,,
867,0.419,,,,,,,,,,
868,0.495,,,,,,,,,,
869,0.709,,,,,,,,,,
870,0.749,,,,,,,,,,
871,0.426,,,,,,,,,,
872,0.606,,,,,,,,,,
873,0.499,,,,,,,,,,
874,0.668,,,,,,,,,,
875,0.631,,,,,,,,,,
876,0.689,,,,,,,,,,
877,0.695,,,,,,,,,,
878,0.558,,,,,,,,,,
879,0.574,,,,,,,,,,
880,0.56,,,,,,,,,,
881,0.22,,,,,,,,,,
882,0.226,,,,,,,,,,
883,0.595,,,,,,,,,,
884,0.374,,,,,,,,,,
885,0.591,,,,,,,,,,
886,0.57,,,,,,,,,,
887,0.569,,,,,,,,,,
888,0.642,,,,,,,,,,
889,0.516,,,,,,,,,,
890,0.149,,,,,,,,,,
891,0.137,,,,,,,,,,
892,0.334,,,,,,,,,,
893,0.473,,,,,,,,,,
894,0.509,,,,,,,,,,
895,0.539,,,,,,,,,,
896,0.491,,,,,,,,,,
897,0.446,,,,,,,,,,
898,0.46,,,,,,,,,,
899,0.697,,,,,,,,,,
900,0.453,,,,,,,,,,
901,0.128,,,,,,,,,,
902,0.15,,,,,,,,,,
903,0.282,,,,,,,,,,
904,0.354,,,,,,,,,,
905,0.449,,,,,,,,,,
906,0.445,,,,,,,,,,
907,0.5,,,,,,,,,,
908,0.305,,,,,,,,,,
909,0.428,,,,,,,,,,
910,0.366,,,,,,,,,,
911,0.367,,,,,,,,,,
912,0.509,,,,,,,,,,
913,0.363,,,,,,,,,,
914,0.428,,,,,,,,,,
915,0.577,,,,,,,,,,
916,0.146,,,,,,,,,,
917,0.143,,,,,,,,,,
918,0.279,,,,,,,,,,
919,0.647,,,,,,,,,,
920,0.553,,,,,,,,,,
921,0.307,,,,,,,,,,
922,0.448,,,,,,,,,,
923,0.697,,,,,,,,,,
924,0.579,,,,,,,,,,
925,0.407,,,,,,,,,,
926,0.487,,,,,,,,,,
927,0.162,,,,,,,,,,
928,0.219,,,,,,,,,,
929,0.315,,,,,,,,,,
930,0.844,,,,,,,,,,
931,0.363,,,,,,,,,,
932,0.619,,,,,,,,,,
933,0.434,,,,,,,,,,
934,0.193,,,,,,,,,,
935,0.178,,,,,,,,,,
936,0.252,,,,,,,,,,
937,0.358,,,,,,,,,,
938,0.438,,,,,,,,,,
939,0.675,,,,,,,,,,
940,0.399,,,,,,,,,,
941,0.508,,,,,,,,,,
942,0.369,,,,,,,,,,
943,0.464,,,,,,,,,,
944,0.559,,,,,,,,,,
945,0.518,,,,,,,,,,
946,0.269,,,,,,,,,,
947,0.327,,,,,,,,,,
948,0.449,,,,,,,,,,
949,0.496,,,,,,,,,,
950,0.583,,,,,,,,,,
951,0.415,,,,,,,,,,
952,0.645,,,,,,,,,,
953,0.104,,,,,,,,,,
954,0.119,,,,,,,,,,
955,0.579,,,,,,,,,,
956,0.582,,,,,,,,,,
957,0.622,,,,,,,,,,
958,0.551,,,,,,,,,,
959,0.568,,,,,,,,,,
960,0.577,,,,,,,,,,
961,0.51,,,,,,,,,,
962,0.562,,,,,,,,,,
963,0.642,,,,,,,,,,
964,0.588,,,,,,,,,,
965,0.648,,,,,,,,,,
966,0.648,,,,,,,,,,
967,0.242,,,,,,,,,,
968,0.565,,,,,,,,,,
969,0.518,,,,,,,,,,
970,0.376,,,,,,,,,,
971,0.452,,,,,,,,,,
972,0.603,,,,,,,,,,
973,0.516,,,,,,,,,,
974,0.398,,,,,,,,,,
975,0.461,,,,,,,,,,
976,0.574,,,,,,,,,,
977,0.252,,,,,,,,,,
978,0.309,,,,,,,,,,
979,0.641,,,,,,,,,,
980,0.383,,,,,,,,,,
981,0.329,,,,,,,,,,
982,0.223,,,,,,,,,,
983,0.364,,,,,,,,,,
984,0.264,,,,,,,,,,
985,0.525,,,,,,,,,,
986,0.243,,,,,,,,,,
987,0.348,,,,,,,,,,
988,0.574,,,,,,,,,,
989,0.159,,,,,,,,,,
990,0.205,,,,,,,,,,
991,0.326,,,,,,,,,,
992,0.395,,,,,,,,,,
993,0.458,,,,,,,,,,
994,0.381,,,,,,,,,,
995,0.122,,,,,,,,,,
996,0.222,,,,,,,,,,
997,0.553,,,,,,,,,,
998,0.136,,,,,,,,,,
999,0.353,,,,,,,,,,
"1,000",0.594,,,,,,,,,,
"1,001",0.245,,,,,,,,,,
"1,002",0.159,,,,,,,,,,
"1,003",0.258,,,,,,,,,,
"1,004",0.594,,,,,,,,,,
"1,005",0.498,,,,,,,,,,
"1,006",0.292,,,,,,,,,,
"1,007",0.419,,,,,,,,,,
"1,008",0.604,,,,,,,,,,
"1,009",0.495,,,,,,,,,,
"1,010",0.371,,,,,,,,,,
"1,011",0.464,,,,,,,,,,
"1,012",0.578,,,,,,,,,,
"1,013",0.276,,,,,,,,,,
"1,014",0.234,,,,,,,,,,
"1,015",0.37,,,,,,,,,,
"1,016",0.641,,,,,,,,,,
"1,017",0.189,,,,,,,,,,
"1,018",0.222,,,,,,,,,,
"1,019",0.545,,,,,,,,,,
"1,020",0.194,,,,,,,,,,
"1,021",0.348,,,,,,,,,,
"1,022",0.59,,,,,,,,,,
"1,023",0.618,,,,,,,,,,
"1,024",0.731,,,,,,,,,,
"1,025",0.192,,,,,,,,,,
"1,026",0.208,,,,,,,,,,
"1,027",0.182,,,,,,,,,,
"1,028",0.338,,,,,,,,,,
"1,029",0.588,,,,,,,,,,
"1,030",0.393,,,,,,,,,,
"1,031",0.348,,,,,,,,,,
"1,032",0.602,,,,,,,,,,
"1,033",0.44,,,,,,,,,,
"1,034",0.616,,,,,,,,,,
"1,035",0.619,,,,,,,,,,
"1,036",0.541,,,,,,,,,,
"1,037",0.662,,,,,,,,,,
"1,038",0.16,,,,,,,,,,
"1,039",0.137,,,,,,,,,,
"1,040",0.392,,,,,,,,,,
"1,041",0.648,,,,,,,,,,
"1,042",0.664,,,,,,,,,,
"1,043",0.615,,,,,,,,,,
"1,044",0.437,,,,,,,,,,
"1,045",0.617,,,,,,,,,,
"1,046",0.448,,,,,,,,,,
"1,047",0.393,,,,,,,,,,
"1,048",0.373,,,,,,,,,,
"1,049",0.333,,,,,,,,,,
"1,050",0.403,,,,,,,,,,
"1,051",0.418,,,,,,,,,,
"1,052",0.362,,,,,,,,,,
"1,053",0.18,,,,,,,,,,
"1,054",0.529,,,,,,,,,,
"1,055",0.178,,,,,,,,,,
"1,056",0.3,,,,,,,,,,
"1,057",0.169,,,,,,,,,,
"1,058",0.415,,,,,,,,,,
"1,059",0.531,,,,,,,,,,
"1,060",0.468,,,,,,,,,,
"1,061",0.563,,,,,,,,,,
"1,062",0.279,,,,,,,,,,
"1,063",0.237,,,,,,,,,,
"1,064",0.311,,,,,,,,,,
"1,065",0.449,,,,,,,,,,
"1,066",0.325,,,,,,,,,,
"1,067",0.152,,,,,,,,,,
"1,068",0.104,,,,,,,,,,
"1,069",0.206,,,,,,,,,,
"1,070",0.606,,,,,,,,,,
"1,071",0.492,,,,,,,,,,
"1,072",0.287,,,,,,,,,,
"1,073",0.399,,,,,,,,,,
"1,074",0.619,,,,,,,,,,
"1,075",0.532,,,,,,,,,,
"1,076",0.382,,,,,,,,,,
"1,077",0.482,,,,,,,,,,
"1,078",0.611,,,,,,,,,,
"1,079",0.216,,,,,,,,,,
"1,080",0.651,,,,,,,,,,
"1,081",0.281,,,,,,,,,,
"1,082",0.391,,,,,,,,,,
"1,083",0.268,,,,,,,,,,
"1,084",0.308,,,,,,,,,,
"1,085",0.521,,,,,,,,,,
"1,086",0.584,,,,,,,,,,
"1,087",0.534,,,,,,,,,,
"1,088",0.595,,,,,,,,,,
"1,089",0.601,,,,,,,,,,
"1,090",0.348,,,,,,,,,,
"1,091",0.691,,,,,,,,,,
"1,092",0.497,,,,,,,,,,
"1,093",0.717,,,,,,,,,,
"1,094",0.603,,,,,,,,,,
"1,095",0.491,,,,,,,,,,
"1,096",0.539,,,,,,,,,,
"1,097",0.706,,,,,,,,,,
"1,098",0.504,,,,,,,,,,
"1,099",0.431,,,,,,,,,,
"1,100",0.437,,,,,,,,,,
"1,101",0.741,,,,,,,,,,
"1,102",0.583,,,,,,,,,,
"1,103",0.562,,,,,,,,,,
"1,104",0.626,,,,,,,,,,
"1,105",0.598,,,,,,,,,,
"1,106",0.641,,,,,,,,,,
"1,107",0.69,,,,,,,,,,
"1,108",0.272,,,,,,,,,,
"1,109",0.763,,,,,,,,,,
"1,110",0.563,,,,,,,,,,
"1,111",0.517,,,,,,,,,,
"1,112",0.373,,,,,,,,,,
"1,113",0.267,,,,,,,,,,
"1,114",1.326,,,,,,,,,,
"1,115",1.026,,,,,,,,,,
"1,116",0.389,,,,,,,,,,
"1,117",0.67,,,,,,,,,,
"1,118",0.663,,,,,,,,,,
"1,119",0.545,,,,,,,,,,
"1,120",0.51,,,,,,,,,,
"1,121",0.654,,,,,,,,,,
"1,122",0.535,,,,,,,,,,
"1,123",0.573,,,,,,,,,,
"1,124",0.109,,,,,,,,,,
"1,125",0.292,,,,,,,,,,
"1,126",0.255,,,,,,,,,,
"1,127",0.291,,,,,,,,,,
"1,128",0.538,,,,,,,,,,
"1,129",0.696,,,,,,,,,,
"1,130",0.211,,,,,,,,,,
"1,131",0.331,,,,,,,,,,
"1,132",0.416,,,,,,,,,,
"1,133",0.679,,,,,,,,,,
"1,134",0.596,,,,,,,,,,
"1,135",0.648,,,,,,,,,,
"1,136",0.677,,,,,,,,,,
"1,137",0.187,,,,,,,,,,
"1,138",0.175,,,,,,,,,,
"1,139",0.3,,,,,,,,,,
"1,140",0.364,,,,,,,,,,
"1,141",0.577,,,,,,,,,,
"1,142",0.587,,,,,,,,,,
"1,143",0.188,,,,,,,,,,
"1,144",0.584,,,,,,,,,,
"1,145",0.371,,,,,,,,,,
"1,146",0.504,,,,,,,,,,
"1,147",0.115,,,,,,,,,,
"1,148",0.181,,,,,,,,,,
"1,149",0.325,,,,,,,,,,
"1,150",0.764,,,,,,,,,,
"1,151",0.588,,,,,,,,,,
"1,152",0.285,,,,,,,,,,
"1,153",0.198,,,,,,,,,,
"1,154",0.643,,,,,,,,,,
"1,155",0.458,,,,,,,,,,
"1,156",0.674,,,,,,,,,,
"1,157",0.604,,,,,,,,,,
"1,158",0.48,,,,,,,,,,
"1,159",0.534,,,,,,,,,,
"1,160",0.662,,,,,,,,,,
"1,161",0.414,,,,,,,,,,
"1,162",0.324,,,,,,,,,,
"1,163",0.445,,,,,,,,,,
"1,164",0.683,,,,,,,,,,
"1,165",0.512,,,,,,,,,,
"1,166",0.597,,,,,,,,,,
"1,167",0.64,,,,,,,,,,
"1,168",0.511,,,,,,,,,,
"1,169",0.618,,,,,,,,,,
"1,170",0.459,,,,,,,,,,
"1,171",0.623,,,,,,,,,,
"1,172",0.54,,,,,,,,,,
"1,173",0.535,,,,,,,,,,
"1,174",0.538,,,,,,,,,,
"1,175",0.593,,,,,,,,,,
"1,176",0.276,,,,,,,,,,
"1,177",0.162,,,,,,,,,,
"1,178",0.221,,,,,,,,,,
"1,179",0.613,,,,,,,,,,
"1,180",0.379,,,,,,,,,,
"1,181",0.461,,,,,,,,,,
"1,182",0.655,,,,,,,,,,
"1,183",0.632,,,,,,,,,,
"1,184",0.51,,,,,,,,,,
"1,185",0.561,,,,,,,,,,
"1,186",0.412,,,,,,,,,,
"1,187",0.329,,,,,,,,,,
"1,188",0.413,,,,,,,,,,
"1,189",0.481,,,,,,,,,,
"1,190",0.492,,,,,,,,,,
"1,191",0.234,,,,,,,,,,
"1,192",0.658,,,,,,,,,,
"1,193",0.707,,,,,,,,,,
"1,194",0.44,,,,,,,,,,
"1,195",0.64,,,,,,,,,,
"1,196",0.648,,,,,,,,,,
"1,197",0.467,,,,,,,,,,
"1,198",0.483,,,,,,,,,,
"1,199",0.403,,,,,,,,,,
"1,200",0.29,,,,,,,,,,
"1,201",0.333,,,,,,,,,,
"1,202",0.515,,,,,,,,,,
"1,203",0.321,,,,,,,,,,
"1,204",0.42,,,,,,,,,,
"1,205",0.558,,,,,,,,,,
"1,206",0.594,,,,,,,,,,
"1,207",0.608,,,,,,,,,,
"1,208",0.273,,,,,,,,,,
"1,209",0.399,,,,,,,,,,
"1,210",0.546,,,,,,,,,,
"1,211",0.294,,,,,,,,,,
"1,212",0.453,,,,,,,,,,
"1,213",0.585,,,,,,,,,,
"1,214",0.212,,,,,,,,,,
"1,215",0.24,,,,,,,,,,
"1,216",0.188,,,,,,,,,,
"1,217",0.352,,,,,,,,,,
"1,218",0.391,,,,,,,,,,
"1,219",0.302,,,,,,,,,,
"1,220",0.627,,,,,,,,,,
"1,221",0.748,,,,,,,,,,
"1,222",0.251,,,,,,,,,,
"1,223",0.559,,,,,,,,,,
"1,224",0.186,,,,,,,,,,
"1,225",0.365,,,,,,,,,,
"1,226",0.581,,,,,,,,,,
"1,227",0.221,,,,,,,,,,
"1,228",0.578,,,,,,,,,,
"1,229",0.429,,,,,,,,,,
"1,230",0.598,,,,,,,,,,
"1,231",0.606,,,,,,,,,,
"1,232",0.645,,,,,,,,,,
"1,233",0.327,,,,,,,,,,
"1,234",0.362,,,,,,,,,,
"1,235",0.431,,,,,,,,,,
"1,236",0.256,,,,,,,,,,
"1,237",0.231,,,,,,,,,,
"1,238",0.192,,,,,,,,,,
"1,239",0.288,,,,,,,,,,
"1,240",0.598,,,,,,,,,,
"1,241",0.398,,,,,,,,,,
"1,242",0.602,,,,,,,,,,
"1,243",0.251,,,,,,,,,,
"1,244",0.609,,,,,,,,,,
"1,245",0.279,,,,,,,,,,
"1,246",0.287,,,,,,,,,,
"1,247",0.362,,,,,,,,,,
"1,248",0.153,,,,,,,,,,
"1,249",0.155,,,,,,,,,,
"1,250",0.231,,,,,,,,,,
"1,251",0.568,,,,,,,,,,
"1,252",0.624,,,,,,,,,,
"1,253",0.304,,,,,,,,,,
"1,254",0.273,,,,,,,,,,
"1,255",0.102,,,,,,,,,,
"1,256",0.102,,,,,,,,,,
"1,257",0.414,,,,,,,,,,
"1,258",0.255,,,,,,,,,,
"1,259",0.281,,,,,,,,,,
"1,260",0.146,,,,,,,,,,
"1,261",0.107,,,,,,,,,,
"1,262",0.7,,,,,,,,,,
"1,263",0.293,,,,,,,,,,
"1,264",0.498,,,,,,,,,,
"1,265",0.325,,,,,,,,,,
"1,266",0.348,,,,,,,,,,
"1,267",0.522,,,,,,,,,,
"1,268",0.352,,,,,,,,,,
"1,269",0.577,,,,,,,,,,
"1,270",0.461,,,,,,,,,,
"1,271",0.661,,,,,,,,,,
"1,272",0.62,,,,,,,,,,
"1,273",0.585,,,,,,,,,,
"1,274",0.316,,,,,,,,,,
"1,275",0.301,,,,,,,,,,
"1,276",0.539,,,,,,,,,,
"1,277",0.327,,,,,,,,,,
"1,278",0.396,,,,,,,,,,
"1,279",0.528,,,,,,,,,,
"1,280",0.302,,,,,,,,,,
"1,281",0.267,,,,,,,,,,
"1,282",0.592,,,,,,,,,,
"1,283",0.452,,,,,,,,,,
"1,284",0.59,,,,,,,,,,
"1,285",0.395,,,,,,,,,,
"1,286",0.472,,,,,,,,,,
"1,287",0.279,,,,,,,,,,
"1,288",0.393,,,,,,,,,,
"1,289",0.611,,,,,,,,,,
"1,290",0.295,,,,,,,,,,
"1,291",0.3,,,,,,,,,,
"1,292",0.395,,,,,,,,,,
"1,293",0.492,,,,,,,,,,
"1,294",0.653,,,,,,,,,,
"1,295",0.49,,,,,,,,,,
"1,296",0.562,,,,,,,,,,
"1,297",0.409,,,,,,,,,,
"1,298",0.62,,,,,,,,,,
"1,299",0.321,,,,,,,,,,
"1,300",0.547,,,,,,,,,,
"1,301",0.368,,,,,,,,,,
"1,302",0.391,,,,,,,,,,
"1,303",0.588,,,,,,,,,,
"1,304",0.626,,,,,,,,,,
"1,305",0.599,,,,,,,,,,
"1,306",0.57,,,,,,,,,,
"1,307",0.577,,,,,,,,,,
"1,308",4.024,,,,,,,,,,
"1,309",0.226,,,,,,,,,,
"1,310",0.219,,,,,,,,,,
"1,311",0.448,,,,,,,,,,
"1,312",0.246,,,,,,,,,,
"1,313",0.317,,,,,,,,,,
"1,314",0.494,,,,,,,,,,
"1,315",0.316,,,,,,,,,,
"1,316",0.521,,,,,,,,,,
"1,317",0.423,,,,,,,,,,
"1,318",0.546,,,,,,,,,,
"1,319",0.245,,,,,,,,,,
"1,320",0.221,,,,,,,,,,
"1,321",0.522,,,,,,,,,,
"1,322",0.253,,,,,,,,,,
"1,323",0.373,,,,,,,,,,
"1,324",0.564,,,,,,,,,,
"1,325",0.606,,,,,,,,,,
"1,326",0.241,,,,,,,,,,
"1,327",0.134,,,,,,,,,,
"1,328",0.153,,,,,,,,,,
"1,329",0.164,,,,,,,,,,
"1,330",0.237,,,,,,,,,,
"1,331",0.433,,,,,,,,,,
"1,332",0.314,,,,,,,,,,
"1,333",0.549,,,,,,,,,,
"1,334",0.161,,,,,,,,,,
"1,335",0.161,,,,,,,,,,
"1,336",0.423,,,,,,,,,,
"1,337",0.358,,,,,,,,,,
"1,338",0.584,,,,,,,,,,
"1,339",0.383,,,,,,,,,,
"1,340",0.13,,,,,,,,,,
"1,341",0.174,,,,,,,,,,
"1,342",0.73,,,,,,,,,,
"1,343",0.392,,,,,,,,,,
"1,344",0.238,,,,,,,,,,
"1,345",0.83,,,,,,,,,,
"1,346",0.305,,,,,,,,,,
"1,347",0.221,,,,,,,,,,
"1,348",0.256,,,,,,,,,,
"1,349",0.598,,,,,,,,,,
"1,350",0.339,,,,,,,,,,
"1,351",0.429,,,,,,,,,,
"1,352",0.615,,,,,,,,,,
"1,353",0.509,,,,,,,,,,
"1,354",0.619,,,,,,,,,,
"1,355",0.723,,,,,,,,,,
"1,356",0.33,,,,,,,,,,
"1,357",0.271,,,,,,,,,,
"1,358",0.346,,,,,,,,,,
"1,359",0.148,,,,,,,,,,
"1,360",0.232,,,,,,,,,,
"1,361",0.356,,,,,,,,,,
"1,362",0.286,,,,,,,,,,
"1,363",0.541,,,,,,,,,,
"1,364",0.229,,,,,,,,,,
"1,365",0.355,,,,,,,,,,
"1,366",0.245,,,,,,,,,,
"1,367",0.202,,,,,,,,,,
"1,368",0.241,,,,,,,,,,
"1,369",0.372,,,,,,,,,,
"1,370",0.473,,,,,,,,,,
"1,371",0.372,,,,,,,,,,
"1,372",0.373,,,,,,,,,,
"1,373",0.301,,,,,,,,,,
"1,374",0.692,,,,,,,,,,
"1,375",0.251,,,,,,,,,,
"1,376",0.25,,,,,,,,,,
"1,377",0.393,,,,,,,,,,
"1,378",0.529,,,,,,,,,,
"1,379",0.323,,,,,,,,,,
"1,380",0.541,,,,,,,,,,
"1,381",0.557,,,,,,,,,,
"1,382",0.434,,,,,,,,,,
"1,383",0.591,,,,,,,,,,
"1,384",0.301,,,,,,,,,,
"1,385",0.311,,,,,,,,,,
"1,386",0.368,,,,,,,,,,
"1,387",0.189,,,,,,,,,,
"1,388",0.403,,,,,,,,,,
"1,389",0.364,,,,,,,,,,
"1,390",0.298,,,,,,,,,,
"1,391",0.541,,,,,,,,,,
"1,392",0.258,,,,,,,,,,
"1,393",0.668,,,,,,,,,,
"1,394",0.226,,,,,,,,,,
"1,395",0.253,,,,,,,,,,
"1,396",0.683,,,,,,,,,,
"1,397",0.621,,,,,,,,,,
"1,398",0.898,,,,,,,,,,
"1,399",0.789,,,,,,,,,,
"1,400",0.706,,,,,,,,,,
"1,401",0.275,,,,,,,,,,
"1,402",0.222,,,,,,,,,,
"1,403",0.301,,,,,,,,,,
"1,404",0.564,,,,,,,,,,
"1,405",0.393,,,,,,,,,,
"1,406",0.59,,,,,,,,,,
"1,407",0.276,,,,,,,,,,
"1,408",0.682,,,,,,,,,,
"1,409",0.596,,,,,,,,,,
"1,410",0.419,,,,,,,,,,
"1,411",0.544,,,,,,,,,,
"1,412",0.607,,,,,,,,,,
"1,413",0.605,,,,,,,,,,
"1,414",0.62,,,,,,,,,,
"1,415",0.522,,,,,,,,,,
"1,416",0.219,,,,,,,,,,
"1,417",0.302,,,,,,,,,,
"1,418",0.714,,,,,,,,,,
"1,419",0.618,,,,,,,,,,
"1,420",0.701,,,,,,,,,,
"1,421",0.376,,,,,,,,,,
"1,422",0.146,,,,,,,,,,
"1,423",0.154,,,,,,,,,,
"1,424",0.556,,,,,,,,,,
"1,425",0.338,,,,,,,,,,
"1,426",0.611,,,,,,,,,,
"1,427",0.607,,,,,,,,,,
"1,428",0.7,,,,,,,,,,
"1,429",0.1,,,,,,,,,,
"1,430",0.56,,,,,,,,,,
"1,431",0.711,,,,,,,,,,
"1,432",0.728,,,,,,,,,,
"1,433",0.236,,,,,,,,,,
"1,434",0.595,,,,,,,,,,
"1,435",0.616,,,,,,,,,,
"1,436",0.613,,,,,,,,,,
"1,437",0.75,,,,,,,,,,
"1,438",0.127,,,,,,,,,,
"1,439",0.545,,,,,,,,,,
"1,440",0.344,,,,,,,,,,
"1,441",0.605,,,,,,,,,,
"1,442",0.596,,,,,,,,,,
"1,443",0.333,,,,,,,,,,
"1,444",0.489,,,,,,,,,,
"1,445",0.248,,,,,,,,,,
"1,446",0.231,,,,,,,,,,
"1,447",0.411,,,,,,,,,,
"1,448",0.608,,,,,,,,,,
"1,449",0.548,,,,,,,,,,
"1,450",0.443,,,,,,,,,,
"1,451",0.604,,,,,,,,,,
"1,452",0.096,,,,,,,,,,
"1,453",0.388,,,,,,,,,,
"1,454",0.44,,,,,,,,,,
"1,455",0.154,,,,,,,,,,
"1,456",0.188,,,,,,,,,,
"1,457",0.333,,,,,,,,,,
"1,458",0.268,,,,,,,,,,
"1,459",0.174,,,,,,,,,,
"1,460",0.118,,,,,,,,,,
"1,461",0.251,,,,,,,,,,
"1,462",0.361,,,,,,,,,,
"1,463",0.173,,,,,,,,,,
"1,464",0.316,,,,,,,,,,
"1,465",0.483,,,,,,,,,,
"1,466",0.62,,,,,,,,,,
"1,467",0.327,,,,,,,,,,
"1,468",0.253,,,,,,,,,,
"1,469",0.581,,,,,,,,,,
"1,470",0.602,,,,,,,,,,
"1,471",0.633,,,,,,,,,,
"1,472",0.171,,,,,,,,,,
"1,473",0.106,,,,,,,,,,
"1,474",0.228,,,,,,,,,,
"1,475",0.565,,,,,,,,,,
"1,476",0.12,,,,,,,,,,
"1,477",0.352,,,,,,,,,,
"1,478",0.581,,,,,,,,,,
"1,479",0.187,,,,,,,,,,
"1,480",0.229,,,,,,,,,,
"1,481",0.263,,,,,,,,,,
"1,482",0.156,,,,,,,,,,
"1,483",0.087,,,,,,,,,,
"1,484",0.218,,,,,,,,,,
"1,485",0.099,,,,,,,,,,
"1,486",0.262,,,,,,,,,,
"1,487",0.223,,,,,,,,,,
"1,488",0.27,,,,,,,,,,
"1,489",0.573,,,,,,,,,,
"1,490",0.493,,,,,,,,,,
"1,491",0.357,,,,,,,,,,
"1,492",0.44,,,,,,,,,,
"1,493",0.596,,,,,,,,,,
"1,494",0.403,,,,,,,,,,
"1,495",0.473,,,,,,,,,,
"1,496",0.584,,,,,,,,,,
"1,497",0.243,,,,,,,,,,
"1,498",0.364,,,,,,,,,,
"1,499",0.619,,,,,,,,,,
"1,500",0.13,,,,,,,,,,
"1,501",0.234,,,,,,,,,,
"1,502",0.544,,,,,,,,,,
"1,503",0.14,,,,,,,,,,
"1,504",0.354,,,,,,,,,,
"1,505",0.582,,,,,,,,,,
"1,506",0.209,,,,,,,,,,
"1,507",0.714,,,,,,,,,,
"1,508",0.473,,,,,,,,,,
"1,509",0.332,,,,,,,,,,
"1,510",0.635,,,,,,,,,,
"1,511",0.202,,,,,,,,,,
"1,512",0.209,,,,,,,,,,
"1,513",0.359,,,,,,,,,,
"1,514",0.545,,,,,,,,,,
"1,515",0.343,,,,,,,,,,
"1,516",0.175,,,,,,,,,,
"1,517",0.326,,,,,,,,,,
"1,518",0.587,,,,,,,,,,
"1,519",0.384,,,,,,,,,,
"1,520",0.465,,,,,,,,,,
"1,521",0.613,,,,,,,,,,
"1,522",0.468,,,,,,,,,,
"1,523",0.48,,,,,,,,,,
"1,524",0.596,,,,,,,,,,
"1,525",0.335,,,,,,,,,,
"1,526",0.373,,,,,,,,,,
"1,527",0.625,,,,,,,,,,
"1,528",0.178,,,,,,,,,,
"1,529",0.553,,,,,,,,,,
"1,530",0.447,,,,,,,,,,
"1,531",0.335,,,,,,,,,,
"1,532",0.45,,,,,,,,,,
"1,533",0.566,,,,,,,,,,
"1,534",0.449,,,,,,,,,,
"1,535",0.305,,,,,,,,,,
"1,536",0.41,,,,,,,,,,
"1,537",0.55,,,,,,,,,,
"1,538",0.225,,,,,,,,,,
"1,539",0.18,,,,,,,,,,
"1,540",0.291,,,,,,,,,,
"1,541",0.595,,,,,,,,,,
"1,542",0.099,,,,,,,,,,
"1,543",0.115,,,,,,,,,,
"1,544",0.283,,,,,,,,,,
"1,545",0.352,,,,,,,,,,
"1,546",0.53,,,,,,,,,,
"1,547",0.429,,,,,,,,,,
"1,548",0.57,,,,,,,,,,
"1,549",0.609,,,,,,,,,,
"1,550",0.612,,,,,,,,,,
"1,551",0.2,,,,,,,,,,
"1,552",0.509,,,,,,,,,,
"1,553",0.265,,,,,,,,,,
"1,554",0.353,,,,,,,,,,
"1,555",0.551,,,,,,,,,,
"1,556",0.687,,,,,,,,,,
"1,557",0.612,,,,,,,,,,
"1,558",0.279,,,,,,,,,,
"1,559",0.178,,,,,,,,,,
"1,560",0.178,,,,,,,,,,
"1,561",0.226,,,,,,,,,,
"1,562",0.275,,,,,,,,,,
"1,563",0.489,,,,,,,,,,